Num Hidden Layer,max,average,std
5,0.846204188,0.829319372,0.00892935
10,0.84947644,0.836256545,0.011510885
15,0.85078534,0.838743455,0.006526152
20,0.85078534,0.829581152,0.017641532
25,0.84882199,0.817146597,0.017068986
30,0.852748691,0.830759162,0.014961598
35,0.833115183,0.816361257,0.016065921
40,0.82395288,0.815575916,0.01025129
